key	nonce	ru
econ		Экономика
gov		Политическая система
soct		Общество
rel		Религия
for		Внешняя политика
legal		Безопасность
o		Я абсолютно не согласен со всеми этими мнениями
a		Меня не волнует этот вопрос
prev		Предыдущий вопрос
nota		Другое
idc		Апатия
cent		Смесь взглядов
com		Безденежная экономика
soc		Государственное планирование
socdem		Социально-ориентированный рынок
clas		Классический либерализм
ordo		Ордолиберализм
cap		Laissez-faire
opt		Смешанная экономика
marksoc		Планирование с элементами рынка
trad		Традиционализм
free		Свобода
prog		Умеренность
just		Социальная справедливость
sec		Секуляризм
athe		Антиклерикализм
theo		Государственная религия
hybr		Умеренная религия
dir		Прямая демократия
dir*		Электронная демократия
rep		Унитарная демократия
rep*		Федеративная демократия
repub		Федеративная республика
repub*		Конфедерация
auth		Авторитаризм
auth*		Монархия
anar		Анархизм
plut		Плутократия
glob		Интернационализм
glob*		Глобализм
pop		Национал-популизм
sov		Национальный суверенитет
iso		Изоляционизм
nat		Национализм
nat*		Империализм
open		Автономизм
decn		Децентрализация
lao		Закон и порядок
hum		Реформизм
hum*		Гуманизм
prot		Государственная безопасность
prot*		Тотальная безопасность
quizname		EcoPolCharts
nota	desc	Если вы получили «Другое», значит, ваше видение определённых вопросов не согласуется с основными мнениями, которые есть в этом тесте, упрощающим вопросы для подавляющего большинства людей. Может быть, у вас уже есть для себя конкретный ярлык ваших собственных взглядов.
idc	desc	«Апатия» — это отсутствие интереса к определённым вопросам. Они могут не затрагивать вас, или вы просто можете не считать, что какой-либо один вариант лучше других. Некоторые апатичные люди просто могут больше заботиться о нескольких других вопросах и быть апатичными в отношении других.
cent	desc	«Смесь взглядов» — это сочетание элементов нескольких чрезвычайно разных мнений по различным вопросам, отсутствие сильного предпочтения между разными взглядами.
com	desc	«Безденежная экономика» обозначает общественное устройство, производящее всё необходимое для удовлетворения потребностей людей без какой-либо денежной системы или оплаты. Как правило, такое описание подразумевает использование автоматизированного варианта экономики, основанной на компьютерном планировании с целью наиболее эффективного и быстрого способа распределения ресурсов.
soc	desc	Экономика контролируется государством во многих отраслях, а ресурсы обычно распределяются централизованно в соответствии с планом с целью предотвращения кризисов и неравенства. Частная промышленность обычно отвергается сторонниками планирования в пользу государственной. Рабочие при этом непосредственно владеют средствами производства и получают стоимость своего труда.
marksoc	desc	Сочетание государственного плана вместе с рыночной конкуренцией, использование рыночного механизма ценообразования в государственных предприятиях в целях предоставления им большей гибкости. Любой человек при такой системе может иметь возможность открыть малое предприятие, чтобы обеспечить выбор для потребителей и при этом гарантировать рабочим стоимость их труда.
socdem	desc	Сильное вмешательство государства в экономику с целью защиты социального благополучия граждан. Хотя такая система не отвергает капитализм, она стремится обязать государство сильнее финансировать программы социального обеспечения, регулировать рынок и следить за тем, чтобы результаты его работы были справедливыми и не вредили бедным.
opt	desc	Гибридный вариант экономики, сочетающий в себе как государственный сектор, так и частный с элементами свободного рынка. В основном, это можно описать как убеждение, что государственные предприятия должны производить базовые услуги по доступной цене, но также они должны конкурировать с частными рынками по ценам или качеству, чтобы дать людям лучшее из того и другого.
ordo	desc	Под «ордолиберализмом» понимается убеждение, что государство должно регулировать деятельность компаний, чтобы капитализм работал как можно лучше, обеспечивая малому бизнесу возможность конкурировать с крупным. Сторонники ордолиберализма твёрдо поддерживают капитализм, но считают, что государство должно обеспечивать конкуренцию в большинстве случаев.
clas	desc	Минимальное государственное вмешательство в экономику за исключением крайних случаев эксплуатации и ситуаций, когда компании не могут предоставить потребителю то, что они рекламировали. В остальном, сторонники «экономического либерализма» также твёрдо поддерживают систему рыночной экономики, частной собственности и свободного предпринимательства.
cap	desc	Полное отсутствие вмешательства государства (если оно вообще существует) в работу рынков, полагаясь исключительно на рыночные механизмы производства и распределения товаров через индивидуальный выбор потребителя. Приверженцы данной доктрины считают, что без регулирования рынки будут открыты для всех и, таким образом, сами установят справедливые цены.
dir	desc	Прямое участие людей в управлении государством, с возможностью влияния на политику посредством инициированных избирательных мер по выдвижению политических предложений и регулярного голосования по различным вопросам на национальных референдумах.
dir*	desc	Форма демократии с использованием интернет-технологий, позволяющим проводить частые и открытые референдумы в онлайн-формате с более интерактивным взаимодействием между пользователями; это также может принимать иные варианты организации, к примеру, когда человек может делегировать свой голос другому для создания более представительной формы электронной демократии.
rep	desc	Власть по большей части принадлежит национальному правительству, устанавливающему единую законодательную систему на всей территории страны, которая, как правило, не имеет в своём составе каких-либо региональных автономий или субъектов. Избирание в органы власти обычно происходит по партийным спискам с пропорциональным представительством на национальном уровне; каждый голос имеет равное количество мест.
rep*	desc	Разделение власти между национальным правительством и местными региональными органами власти с соблюдением баланса сил: провинции обладают умеренной автономией, но при этом национальное правительство является пропорциональным в масштабах страны, а не состоит из представителей, избираемых по округам.
repub	desc	Власть по большинству вопросов передана провинциям, которые обладают широкой автономией и полномочиями издавать собственные региональные законы. Представители, избираемые в местные органы власти, представляют конкретный округ, а не всю нацию в целом; распределение мест в законодательных органах взвешено таким образом, чтобы обеспечить влияние менее населённых провинций.
repub*	desc	Местные муниципальные органы власти являются основной территориальной единицей управления, которые обладают собственным суверенитетом, законодательством и имеют безусловное право на отделение; в то время как слабое национальное правительство имеет очень ограниченные полномочия. Фактически, конфедерация представляет собой союз небольших местных провинций с сильной децентрализации власти.
auth	desc	Правительством управляет один диктатор или другой подобный правитель, правящий страной пожизненно. Власть передаётся недемократическим путём — назначается предыдущим лидером страны и не зависит от народного ободрения. При этом народ, как правило, не имеет возможности существенно влиять на политику государства.
auth*	desc	Властью обладает единственный наследственный правитель-монарх, правящий пожизненно и обладающий правом единоличного принятия решений для всей нации, олицетворяющий её единство вместе с исторической преемственностью традиций. Власть передаётся недемократически — по наследству, и не зависит от народного ободрения. Народ зачастую не имеет какой-либо возможности влиять на политику государства.
anar	desc	Отсутствие государства и какой-либо принудительной власти человека над человеком. В обществе очень сильно развиты децентрализация и самоуправление в виде независимых собраний людей, самостоятельно управляющих самими собой. Анархизм выступает решительно против вмешательства правительства в жизнь граждан и сильно подчёркивает свободу личности.
plut	desc	Власть принадлежит только богатым людям, имеющим наибольшую долю в правительстве за счёт большего богатства и денежных средств. Плутократия может включать в себя управление страной как частной мегакорпорацией, или форму устройства, при которой государственная власть сращивается с бизнесом.
trad	desc	Стремление к сохранению статус-кво и традиционных моральных устоев; противление прогрессу и новым технологиям, которые могут разрушить устоявшиеся социальные институты. Чаще всего это означает следование консервативным взглядам и продвижение традиционных ценностей, таких как религия, патриотизм, патриархальная семья и брак.
free	desc	Право человека свободно распоряжаться своей личной жизнью и делать с собой и своим телом всё, что он хочет, пока это не вредит остальным. Убеждение в том, что человек имеет право на неприкосновенность и свободу жить по своему усмотрению, без какого-либо контроля, регулирования или вмешательства в это со стороны правительства или кого-либо ещё.
prog	desc	Умеренно-нейтральная позиция по многим общественным, социальным, культурным и этическим вопросам. Постепенное признание развития технологий и цивилизации и вера в то, что мы как общество способны решать, учитывая положительные и отрицательные стороны изменений, что правильно, а что нет, в каждом конкретном случае.
just	desc	Убеждение в том, что политика и технологические достижения должны быть тщательно разработаны, чтобы применяться равномерно и не оказывать несправедливого влияния на уязвимые слои общества, например, на бедных или меньшинства. Стремление к прогрессу с целью снизить уровень неравенства и помочь неуспешным людям стать лучше и счастливее.
sec	desc	Под «Секуляризмом» понимается полное отделение церкви от государства, а также убеждение, что государство должно быть светским и оставаться нейтральным в вопросах религии, не поддерживая ни религию, ни атеизм.
athe	desc	Под «Антиклерикализмом» понимается убеждение, что правительство должно быть нерелигиозным, и по возможности содействовать атеизму, но не насаждя его. Они считают, что отдельные члены правительства и часть населения могут быть религиозными, но они не должны влиять на политику, основываясь на своей религии. Они считают, что людей следует обучать только науке и фактам, а не религии.
theo	desc	Под «Государственной (официальной) религией» понимается убеждение, что правительство должно поощрять религию в стране. Они считают, что религия важна для народа и что правительство не должно воздерживаться от ее преподавания и включения в национальную собственность.
hybr	desc	Под «Умеренной религии» понимается убеждение, что государство и церковь могут сосуществовать, но государство не должно отдавать предпочтение какой-либо религии. Приверженцы данного убеждения выступают за баланс религий в школах и в правительстве, пока оно не отдает предпочтение какой-либо конкретной религии или не навязывает ее кому-либо.
decn	desc	Те, кто верит в «Децентрализованную безопасность», считают, что правительство не должно гарантировать безопасность для населения, и вместо этого полагают, что люди должны взять свою безопасность в собственные руки. Обычно они твердо верят в право на оружие и выступают против тюрем и полиции.
lao	desc	Сторонники «Закона и порядка» считают, что лучший способ предотвращения преступлений — это строгие наказания и риски для сдерживания преступников. Они обычно считают, что тех, кто нарушает закон, следует наказывать по всей строгости закона, а также поддерживают карательное правосудие, а не реабилитацию.
hum	desc	Сторонником «Реформизма» называется человек, который считает, что правительство должно обеспечивать безопасность своих граждан, уважая их частную жизнь. Реформисты считают, что для обращения с оружием необходимо пройти обучение, но также поддерживают права на неприкосновенность частной жизни и реабилитацию.
hum*	desc	Сторонники «Гуманизма» считают, что большинство людей в основе своей добрые, и что им следует доверять до тех пор, пока они не покажут, что не заслуживают этого доверия. Они поддерживают реабилитацию, право на забастовки и протесты, а также выступают против полицейского террора со стороны государства.
prot	desc	Сторонники «Государственной безопасности» считают, что частная жизнь не имеет значения по сравнению с гарантией безопасности, и обычно выступает за постоянную слежку и устранение любой угрозы восстания. Они считают, что население должно следовать закону любыми средствами.
prot*	desc	Сторонники «Тотальной безопасности» считают, что государство должно подавлять инакомыслие. Они считают, что население должно следовать закону любыми средствами, и что никто не должен рассчитывать на неприкосновенность частной жизни, поэтому каждый должен следовать закону.
glob	desc	«Интернационализм» рассматривается как обязанность нации служить интересам всех людей в мире, а не только своим собственным. Сторонники интернационализма считают, что нация должна принимать меры по улучшению жизни в мире посредством гуманитарных акций за рубежом, и что нация должна быть гостеприимной к иностранцам и оказывать им помощь, когда это необходимо.
glob*	desc	«Глобализм» означает убеждение, что мы, как человечество — один мир, граждане планеты Земля, и что мы все должны заботиться друг о друге. Идеалом для глобалиста является дипломатическое объединение всех стран в единое мировое правительство, способное позаботиться обо всех людях. А пока этого не произошло, они верят в доброжелательное отношение к иммигрантам и беженцам.
pop	desc	Под «Национал-популизмом» пониается убеждение, что всё делается для блага народа страны. Они обычно поддерживают международные договоры, если они могут принести пользу населению страны, и выступают против договоров, которые могут подвергнуть их риску или лишить их прав.
sov	desc	Под национальным «Суверенитетом» понимается убеждение, что нация должна иметь абсолютное право контролировать свои законы. Эти люди считают, что нация должна иметь право контролировать свои границы и законы, и будут выступать против сделок и организаций, которые угрожают отобрать у нации часть этой власти.
iso	desc	«Изоляционизм» означает, что нация должна оставаться сосредоточенной внутри страны и игнорировать внешний мир. Они обычно верят в полный запрет на въезд людей в страну и выступают против любых соглашений с другими государствами.
nat	desc	«Национализм» означает, что во внешней политике на первом месте стоят интересы государства. Националисты могут поддерживать сделки с другими странами, которые могут дать государству больше власти, и они обычно поддерживают иммиграцию только в том случае, если иммигранты восполняют дефицит или иным образом добавляют что-то для государства.
nat*	desc	«Империализм» означает то, что нация должна делать всё, что в её силах, чтобы улучшить себя. Это включает в себя военный захват земель, на которые она претендует, и, если это служит интересам нации, захват еще больших земель, которые должны принадлежать нации.
open	desc	Под «Автономизмом» понимается убеждение, что центральное правительство не должно быть настолько велико, чтобы иметь возможность действительно проводить внешнюю политику. Они обычно твердо верят в открытые границы и хотят позволить людям свободно приезжать и уезжать из страны, и обычно выступают против национального языка или культуры. Сторонники этой модели обычно не делают многого за границей и не решаются заключать сделки, которые могут повлечь за собой риск ущемления свободы.
healthcare		Здравоохранение
healthcare	0	Я поддерживаю частное страхование и поставщиков платных медицинских услуг, но при условии, что цены будут конкурентоспособными по отношению к затратам на их производство, и преследовании любых случаев ценового сговора.
healthcare	1	Я не хочу запрещать частное здравоохранение или страхование, но я хочу, чтобы был государственный вариант, который обеспечит справедливые цены, который выведет из бизнеса частные компании, использующие клиентов в своих интересах.
healthcare	2	И здравоохранение, и лечение должны напрямую предоставляться бесплатно и гарантироваться всем гражданам государством.
healthcare	3	У нас должен быть не один, а много государственных вариантов медицинского обслуживания. Все они должны оплачиваться, но вы сможете выбрать тот, в котором, по вашему мнению, лучшее обслуживание, чтобы создать конкуренцию между ними.
healthcare	4	Здравоохранение должно быть предоставлено свободному рынку. Если поставщики платных медицинских услуг или страховщики не будут предоставлять доступные услуги, у них не будет клиентов, и они обанкротятся.
healthcare	5	Медицинские услуги должны быть частными, но правительство должно создать систему единого плательщика, чтобы никому не нужно было беспокоиться о том, чтобы позволить себе необходимое медицинское обслуживание.
healthcare	6	Разрешение поставщикам платных медицинских услуг свободно устанавливать свои собственные цены позволяет им финансировать дополнительные исследования и приносит пользу всем нам, предоставляя новые, лучшие методы лечения.
minwage		Минимальная заработная плата
minwage	0	Все компании должны быть обязаны справедливо распределять прибыль между своими сотрудниками. Любой человек, стоящий во главе компании, не должен иметь права получать значительно большую зарплату, чем те, кто находится в самом низу компании.
minwage	1	Должна существовать национальная программа, гарантирующая работу с зарплатой, на которую люди могут комфортно жить, работая над такими вещами, как улучшение инфраструктуры. Компании, которые платят меньше этой зарплаты, будут испытывать трудности с поиском работников для заполнения своих вакансий.
minwage	2	Большинство работающих людей должны получать стоимость своего труда (с минимальным, комфортным прожиточным минимумом). Также должна быть установлена максимальная заработная плата, а менеджерам и руководителям следует платить гораздо меньше.
minwage	3	Людям должен быть гарантирован прожиточный минимум от их работы. Они должны иметь возможность работать на одной работе с разумной продолжительностью рабочего дня и иметь гарантированный достаток, чтобы позволить себе всё необходимое.
minwage	4	Минимальной заработной платы быть не должно. Рынки сами определят, сколько стоит труд, и позволят нам поддерживать конкурентоспособные цены по сравнению с товарами, произведенными с использованием иностранной рабочей силы.
minwage	5	Должен быть умеренный прожиточный минимум, который не приведёт к банкротству малого бизнеса, а также налог на крупные компании с большим количеством работников за чертой бедности, чтобы оплатить все социальные пособия, которые получают их работники, и обеспечить конкурентоспособность малого бизнеса.
minwage	6	Рабочие должны иметь минимальную заработную плату, чтобы предотвратить гонку на дно, но руководители компаний разрабатывают идеи для своего бизнеса и берут на себя риски при его основании и поэтому заслуживают большую часть прибыли своей компании.
minwage	7	Люди должны производить столько, сколько могут, и потреблять столько, сколько им нужно. Понятия денег не должно существовать.
isp		Провайдеры интернет-услуг
isp	0	Мы должны регулировать деятельность интернет-провайдеров, чтобы гарантировать, что они обеспечивают общенациональное покрытие и что везде есть несколько вариантов, чтобы обеспечить конкуренцию, и преследовать их в судебном порядке, если компании заключают сделки, позволяющие им создавать региональные монополии.
isp	1	Для провайдеров дорого подключать районы к интернету. Они будут делать все возможное, чтобы обеспечить покрытие по доступной цене, и их следует наказывать только в том случае, если они не смогут обеспечить качество и надёжность интернета, которые они рекламировали.
isp	2	За счёт налогов правительство должно субсидировать многочисленных поставщиков интернет-услуг, охватывающих все районы страны, в обмен на ценовые гарантии, чтобы у каждого было несколько доступных вариантов подключения к интернету.
isp	3	У нас должен быть национальный интернет-провайдер, который гарантирует доступный, надёжный, высокоскоростной интернет на всей территории страны. Частные компании должны будут конкурировать с ним в качестве базового уровня.
isp	4	Поставщики услуг высокоскоростного интернета должны быть национализированы. Они не могут обеспечить честную конкуренцию из-за стоимости прокладки кабелей, особенно в сельской местности.
isp	5	Мы должны сделать возможным для людей создание поддерживаемых правительством интернет-провайдеров в их регионе. Они будут принадлежать государству, и люди смогут выбирать, какого интернет-провайдера они хотят среди имеющихся в районе вариантов, создавая таким образом конкуренцию между ними.
isp	6	Интернет-провайдеры не должны регулироваться и сами будут находить справедливую цену за интернет, которая может варьироваться в зависимости от того, насколько дорого подключить тот или иной район, исходя из того, сколько это стоит.
ubi		Социальное обеспечение
ubi	0	Трата значительных денежных средств бюджета на социальную поддержку рабочих и повышение им зарплат нанесёт ущерб экономике, поэтому я не могу это поддержать.
ubi	1	Желательно, чтобы социальные программы оплачивались крупными компаниями, передающими на аутсорсинг или автоматизирующими рабочие места, почти в той же степени, что и разница в затратах, чтобы позволить малому бизнесу оставаться конкурентоспособным.
ubi	2	Бедным людям должен быть гарантирован прожиточный минимум посредством государственных программ, со скидками для пожилых людей и тех, кто находится в нищете.
ubi	3	Все рабочие должны быть социально обеспечены; пособия же для безработных и нетрудоспособных должны быть значительно увеличены: базовые нужды тех, кто находится на пенсии или не может работать по состоянию здоровья, должны быть безоговорочно удовлетворены.
ubi	4	Я поддерживаю расходы на социальное обеспечение, состоящие из прибыли государственных компаний, чтобы распределить их успехи и обеспечить минимальный риск для менее успешных государственных компаний.
ubi	5	Вместо того чтобы начинать налогообложение с 0%, следует установить порог: те, чьё состояние находится ниже порога, должны получать небольшие денежные средства социальной поддержки; а те, кто зарабатывают больше этого порога, должны облагаться налогом.
utilities		Коммунальные услуги
utilities	0	Коммунальные службы найдут справедливую конкурентную цену. Они не должны регулироваться, даже если только одна компания обслуживает район. Они должны конкурировать, потому что люди будут принимать их во внимание при выборе района для проживания.
utilities	1	Коммунальные услуги должны принадлежать местным государственным компаниям и предоставляться для небольшой группы населения, которую они обслуживают. У людей будет выбор, услуги какой компании использовать, обеспечивая таким образом конкуренцию между ними.
utilities	2	Коммунальные услуги, такие как электричество и вода, должны быть национализированы. Это общественные блага, которые нужны всем. Общественный контроль позволяет добиться наилучшего качества, поскольку во многих местах существует только один вариант.
utilities	3	Правительство должно субсидировать коммунальные компании, расширяющие свою деятельность во всех районах страны. В обмен на эту помощь компании должны гарантировать справедливую цену и другие гарантии, например, определённый процент возобновляемой электроэнергии каждый год.
utilities	4	Создание коммунальной инфраструктуры обходится компаниям дорого, и от них следует ожидать установления справедливой прибыльной цены, чтобы окупить свои инвестиции в разумные сроки.
utilities	5	Мы должны иметь национальные коммунальные компании, но не запрещать частные компании. Если они смогут найти рынок сбыта, то смогут конкурировать с национализированными вариантами.
utilities	6	Коммунальные услуги должны регулироваться для обеспечения совместимости систем, чтобы несколько компаний могли подключаться к одному и тому же зданию. Мы должны преследовать монополии, которые не предоставляют выбора.
education		Образование
education	0	По большей части у нас должно быть платное образование с частными школами, но государство должно предоставлять ваучеры бедным, чтобы каждый ребёнок мог позволить себе посещать школу.
education	1	Школы должны быть государственными, однако родители и ученики должны иметь возможность выбирать, какую государственную школу посещать, обеспечивая конкуренцию.
education	2	Все школы должны принадлежать государству, а образование должно быть бесплатным и гарантироваться всем. Это облегчит обеспечение равных возможностей для успеха всех наших учеников.
education	3	Должна быть смесь государственных и частных школ, однако государственные школы должны получать большое финансирование, чтобы наши дети получали хорошее образование и чтобы они были конкурентоспособны по сравнению с частными школами.
education	4	Государственных школ быть не должно, образование должно быть полностью платным. Государство не должно быть обязано предоставлять образование тем, кто не может его себе позволить.
outsourcing		Аутсорсинг
outsourcing	0	Государство должно национализировать всё производство в стране и не передавать рабочие места на аутсорсинг.
outsourcing	1	Мы должны иметь национальное производство, субсидируемое налогами, чтобы цены были конкурентоспособными по сравнению с работой, переданной на аутсорсинг. Покупатели могут сами решать, что лучше.
outsourcing	2	Мы должны отменить минимальную заработную плату здесь. Тогда затраты на производство здесь будут ниже, чем на производство за рубежом и доставку сюда.
outsourcing	3	Мы должны регулировать деятельность компаний, чтобы предоставлять субсидии и государственные закупки только тем предприятиям, которые осуществляют ключевое производство внутри страны, а не за рубежом.
outsourcing	4	Аутсорсинг ручного труда позволяет нашим гражданам иметь дешёвые товары и не заниматься рутинным ручным трудом, позволяя выполнять здесь сложную работу.
outsourcing	5	Государство должно владеть большей частью промышленности, но должно допускать конкуренцию между ними, чтобы не было только одного выбора. Поскольку они принадлежат государству, мы можем гарантировать, что все они производятся внутри страны.
outsourcing	6	Мы должны ввести большие пошлины на товары, произведённые в странах с худшими трудовыми правами, чем у нас, чтобы компании могли производить всё здесь и иметь честную конкуренцию.
bankcrash		Крах банка, который нанесёт ущерб экономике
bankcrash	0	Мы должны создать единый национальный банк, принадлежащий государству, и купить все существующие банки, включая тот, который терпит крах. Это гарантирует, что все смогут платить по одинаковым ставкам, и что мы сможем взять на себя долг обанкротившегося банка.
bankcrash	1	Проблема в том, что у нас есть частные мегабанки. Вместо этого у нас должны быть местные общественные банки, принадлежащие местному правительству, которые работают в интересах общин, которые они представляют, и финансируют бизнес в этом районе.
bankcrash	2	Мы не должны вмешиваться в свободные рынки. Они потерпят неудачу, и в конечном итоге экономика восстановится сама собой.
bankcrash	3	Мы должны разбить крупные банки, пока они не дошли до ситуации, когда подобный крах может быть вызван одной компанией.
bankcrash	4	Мы должны выручить банк, чтобы спасти экономику, но в конечном итоге заставить банк вернуть деньги с процентами.
bankcrash	5	Мы должны купить этот банк и управлять им как национальным банком. Другие банки могут конкурировать с нами, но мы можем гарантировать, что не обанкротимся.
bankcrash	6	Банки не должны существовать ни в какой форме.
highways		Автомобильные дороги
highways	0	Автодороги должны находиться в собственности местных органов власти и финансироваться из их бюджетов. Это гарантирует, что они учитывают пожелания местных сообществ.
highways	1	Автодороги должны быть приватизированы. Частные автодороги гарантируют, что ими могут пользоваться только те, кто за них платит, что стимулирует развитие инфраструктуры.
highways	2	Многие автодороги должны быть государственными, но также следует разрешить строительство частных автомагистралей, чтобы они могли конкурировать. Если их качество или расположение позволяет им быть прибыльными, потому что люди выбирают их, это положительный момент для всех.
highways	3	Автодороги должны управляться государством. Это позволит нам гарантировать качество дорог по всей стране, бесплатное для всех, и нанять много людей для работы по обеспечению высокого качества.
debt		Государственный долг
debt	0	Мы должны брать на себя долговые обязательства как для улучшения экономики, так и для инвестиций в наше население способами, которые в долгосрочной перспективе окупятся. Мы должны оплачивать этот долг путём повышения налогов на крупные компании.
debt	1	Государство должно контролировать валюту. Мы можем печатать больше денег, когда они нам нужны, и законодательно поддерживать цены на одном уровне, чтобы инфляция не стала проблемой.
debt	2	Мы должны помнить о долгах и выплачивать их по мере возможности. Когда экономика переживает спад, мы должны тратить средства, чтобы помочь ей выжить, но мы должны сократить государственные расходы и вернуть долг, когда экономика снова пойдёт в гору.
debt	3	Наличие государственного долга — это не плохо, и мы не должны сокращать программы расходов для его погашения, хотя у нас должен быть план, прежде чем его увеличивать.
debt	4	У государства не должно быть долга, потому что оно не должно тратить деньги. Мы должны сократить все программы расходов и как можно быстрее погасить долг.
debt	5	Валюта не должна существовать, и, как следствие, долг не должен существовать.
consumergoods		Производство потребительских товаров
consumergoods	0	Принадлежащая государству промышленность должна производить все потребительские товары для населения.
consumergoods	1	Любой человек должен иметь возможность основать государственную компанию, которая может производить конкурирующие потребительские товары.
consumergoods	2	Государство не должно производить потребительские товары, их должны производить рынки.
consumergoods	3	Государство должно производить потребительские товары, чтобы обеспечить доступную цену, однако свободный рынок должен иметь возможность конкурировать с ним.
consumergoods	4	Государство должно регулировать потребительские товары для обеспечения безопасности и соответствия стандартам, но не производить их.
consumergoods	5	Государство должно гарантировать потребительские товары для удовлетворения потребностей каждого, предоставляемые теми, кто способен их производить, без какой-либо валюты.
elections		Выборы
elections	0	У людей должно быть право голоса, но оно должно быть взвешено географически, по крайней мере, для одной палаты законодательного органа, чтобы гарантировать, что какой-либо один регион не мог доминировать в законодательном органе.
elections	1	Выборы — важный элемент демократии. Каждый человек должен иметь голос, и все голоса должны учитываться одинаково.
elections	2	Правительства не должно быть и, как следствие, выборов тоже, чтобы назначать людей на должности.
elections	3	Голосование — действительно ненужный процесс, прихоти масс не имеют значения.
elections	4	Те, кто вкладывает больше денег в правительство, заслуживают получить больше от своего голоса.
representation		Представители
representation	0	Я не хочу представительства, я хочу, чтобы правительство было упразднено.
representation	1	Мне нужен представитель, которого я могу подкупить, чтобы добиться приоритета моей законодательной программы.
representation	2	Я хочу иметь представителя, избранного народом, который будет представлять интересы населения той области, где он работает.
representation	3	Я хочу иметь лидера, который обеспечит стабильность благодаря силе и пожизненному правлению.
representation	4	Я хочу иметь возможность голосовать напрямую по большинству вопросов на референдумах. Представители чаще всего не должны перехватывать эту инициативу в свои руки.
concentration		Концентрация власти
concentration	0	Власть должна быть децентрализована для всех, а важные решения в конечном итоге должны приниматься на частых общенациональных референдумах. Люди обычно знают, чего они хотят, и способны разобраться в вопросах при небольшом объяснении.
concentration	1	Мы должны распределять власть по регионам страны, при этом представители каждого региона должны определять национальную политику, но также оставлять многие вопросы на усмотрение самих регионов.
concentration	2	Власть должна быть сосредоточена в зависимости от уровня богатства. Граждане, которые богаче, имеют бóльшую долю в правительстве и в большинстве случаев понимают как специализацию, так и то, как люди думают, чего они хотят, что позволило им стать богатыми.
concentration	3	Никто не должен иметь право издавать законы, у людей должна быть свобода самим решать, что неправильно, а что оправдано.
concentration	4	Нам прежде всего нужен один единственный лидер, который мог бы править пожизненно и быть способен полностью понять общую картину. Не заботясь о том, что думает общество, лидер может принимать лучшие решения для всей нации самостоятельно.
concentration	5	Власть должна быть распределена между всеми через большой законодательный орган, в котором достаточно людей, чтобы представлять взгляды каждого человека. Политики должны иметь возможность тратить всё свое время на то, чтобы разбираться в проблемах, слушать экспертов и оценивать общую картину.
districts		Округа
districts	0	Мы должны иметь людей, представленных в нашем законодательном органе пропорционально их голосам на общенациональном уровне. Если 15% населения страны поддерживает какую-либо партию, то 15% законодательного органа должны быть представлены этой партией.
districts	1	В стране должны быть одномандатные округа с депутатами, представляющими примерно одинаковое количество людей, но с гарантированным минимальным представительством для географических районов.
districts	2	Представители зачастую мешают демократии. Вместо представительства мы должны чаще напрямую голосовать по всем важным вопросам на национальном уровне.
districts	3	Должен быть один неизбираемый правитель, который представляет всех, учитывая интересы всей нации при принятии решений.
districts	4	Каждый человек должен заботиться о своих собственных интересах, не через правительство или голосование, а своими собственными средствами.
districts	5	Представители должны представлять равное количество земли. Если вы вложили в страну достаточно средств, чтобы владеть целым округом земли, вы, вероятно, заинтересованы в успехе страны и должны быть представлены в округе.
trait		Самые важные черты политического лидера
trait	0	Мы должны сами принимать решения, нам не нужен лидер над нами.
trait	1	Самые важные качества лидера — политическая смелость и власть. Нам нужен человек, который будет принимать необходимые решения, даже если они непопулярны.
trait	2	Самые важные качества лидера — это связи. Нам нужен человек, который может влиять на политику через связи, выходящие за рамки занимаемой должности.
trait	3	Самые важные качества лидера — интеллект. Нам нужен человек, способный понимать проблемы и находить пути их решения.
trait	4	Самые важные качества лидера — звание и опыт. Нам нужен человек, который знает, как принимать решения, и понимает функции нашего правительства.
trait	5	Самые важные качества лидера — эмпатия и отзывчивость. Нам нужен человек, который способен слушать нас, понимать наши проблемы и решать их так, как мы хотим.
electionreform		Избирательная реформа
electionreform	0	Мы должны реформировать выборы, сделав законной продажу своего голоса.
electionreform	1	Мы должны сделать выборы безопасными и открытыми, используя интернет-технологии, такие как блокчейн, или разрешив электронное делегирование голосов.
electionreform	2	Мы должны повысить безопасность наших выборов путём ужесточения законов об удостоверениях личности и поиска случаев двойного голосования.
electionreform	3	Мы должны реформировать наши выборы, расширив доступ к голосованию. Граждане должны автоматически регистрироваться и получать бюллетени для голосования.
electionreform	4	Выборы должны быть отменены, так как закон не должен определяться общественным мнением.
secession		Право на отделение
secession	0	У нас не должно быть провинций, мы должны быть унитарным государством, поэтому не должно быть нигде чётко определённого места, где можно было бы отделиться.
secession	1	Провинциям, как правило, не должно быть позволено отделяться, однако мы должны дать им больше гибкости, чтобы они могли устанавливать и принимать собственные региональные законы, которые хотят, за исключением крайних случаев, таких как нарушение прав человека.
secession	2	Те, кто хочет независимости, не должны быть принуждены оставаться частью нашей нации. Любой человек должен иметь право взять свою землю и собственность и объявить себя независимым без голосования.
secession	3	Провинции должны иметь право на отделение. Должна быть возможность организовать референдум и отделиться, если он пройдёт при подавляющей поддержке.
secession	4	Провинции должны существовать, но в большинстве случаев им не должны предоставляться референдумы о независимости, и уж точно не как право на отделение.
leaderselect		Выбор лидера
leaderselect	0	Лидеры должны назначаться предыдущим лидером на основе заслуг, чтобы у нас всегда было компетентное руководство.
leaderselect	1	Лидеры должны выбираться, но не напрямую путём всенародного голосования. Оно должно быть взвешенным, чтобы голоса всех провинций учитывались, а не только самых крупных.
leaderselect	2	Лидеры должны быть в основном наследственными, передаваться по крови.
leaderselect	3	Лидеры должны быть выбраны демократическим путём нацией, которую они возглавят.
leaderselect	4	Лидеры должны быть выбраны людьми c наибольшим пакетом акций в стране, подобно тому, как корпорация может выбрать своего генерального директора.
leaderselect	5	У нас не должно быть единого лидера, который выбирается любым способом.
policysetting		Полномочия для установления политики
policysetting	0	Власть по установлению политики должна в основном находиться на провинциальном или местном региональном уровне, с ограниченной властью на национальном уровне.
policysetting	1	Исполнительная власть страны должна обладать большинством полномочий по принятию решений и, как правило, создавать политику.
policysetting	2	Избранная национальная законодательная власть должна определять единую политику для всей страны, в то время как провинции или регионы не должны иметь возможности устанавивать собственные отличающиеся законы от общенациональных.
policysetting	3	Власть должна принадлежать непосредственно народу, который должен инициировать принятие законов путём голосования по инициативе граждан.
policysetting	4	Власть должна принадлежать самым богатым людям, поскольку они, как правило, наиболее способные и вносят наибольший вклад в развитие страны и политики.
policysetting	5	Ни один человек или орган не должен иметь полномочий властвовать над человеком и принуждать его к чему-либо, мы должны быть свободны в своей жизни.
policysetting	6	Власть должна быть разделена между национальными и местными органами власти примерно поровну.
peoplepolicy		Роль населения в политике
peoplepolicy	0	Население, как коллектив, обычно может понимать и принимать хорошие решения в отношении политики с небольшим количеством объяснений, чтобы иметь возможность напрямую решать, чего они хотят.
peoplepolicy	1	Богатые, вкладывающие деньги в политику, как правило, знают, чего они хотят, и имеют хорошее мнение, но бедные редко знают, что для них хорошо.
peoplepolicy	2	Население в целом имеет плохое мнение, и правительству было бы лучше обойтись без него.
peoplepolicy	3	Люди должны иметь право голоса, но вместо общенационального народного мнения правительство должно стараться отдавать больший приоритет местному региональному представительству.
peoplepolicy	4	Мнение других людей не должно влиять на то, что вам разрешено делать.
peoplepolicy	5	Население обычно знает, чего оно хочет, но нельзя ожидать, что у него будет время на изучение и голосование по каждому вопросу, поэтому следует делегировать это представителям.
genetic		Генная инженерия
genetic	0	Генная инженерия должна быть не только разрешена, но и обязательна. Мы должны модифицировать младенцев, чтобы они в совершенстве владели именно тем, что нам нужно, и планировать их жизнь так, чтобы они могли идеально интегрироваться в общество, не задаваясь вопросом о своём месте.
genetic	1	Государство не должно стоять на пути генной инженерии. Тем, кто хочет создать лучших детей с помощью технологии, должно быть позволено это сделать.
genetic	2	Мы должны использовать генетические модификации во благо, например, для искоренения болезней и исправления генетических дефектов, но большинство признаков следует оставить на усмотрение генетики.
genetic	3	Генетика человека не должна быть чем-то, что можно изменять. Если только без генетической модификации человек не погибнет, мы должны избегать этого.
genetic	4	Генная инженерия представляет собой серьёзную угрозу, позволяя сверхбогатым людям рожать нечеловечески совершенных детей, которые могут превзойти бедных, что ещё больше усиливает классовый разрыв в обществе, что должно быть запрещено, за исключением случаев жизни и смерти.
flagburn		Сожжение флага
flagburn	0	У страны есть серьезные проблемы, и единственный способ добиться их решения — привлечь внимание. Сожжение флага довольно безобидно, но привлекает внимание, поэтому это хороший метод протеста.
flagburn	1	Поддержка нации должна быть обязательной, и поэтому повреждение флага должно быть крайне незаконным.
flagburn	2	Я поддерживаю право на протест и уничтожение флагов, но сжигание флага должно регулироваться в целях безопасности, чтобы оно не представляло опасности для людей или имущества из-за дыма или огня.
flagburn	3	Флаг — это символ нашей нации. Уничтожение флага является враждебным актом против нации и должно быть незаконным.
flagburn	4	Наша страна должна быть свободной, и если у вас есть флаг, вы должны иметь право сжечь его, если вы этого хотите. Никто не вправе запретить вам это сделать или как-то ограничить вас.
freespeech		Свобода слова
freespeech	0	У вас должна быть свобода говорить что угодно. Это не противозаконно, пока вы не совершаете противозаконные действия на основе этой речи.
freespeech	1	Речь должна быть свободной, но вам не должна быть гарантирована защита от обратной реакции, включая удаление с платформ, если ваше мнение там нежелательно.
freespeech	2	У вас не должно быть свободы слова. Государство должно решать, что допустимо говорить.
freespeech	3	Речь, как правило, должна быть свободной, если это буквальная речь. Однако символическая речь, такая как уничтожение символов правительства или религиозных текстов, является грубо оскорбительной и должна быть запрещена.
freespeech	4	Мы должны запретить и наказать очень оскорбительные выражения, в том числе язык вражды (хейтспич). Они должны наказываться штрафами в оффлайне и деплатформированием в онлайне.
drugs		Наркотики
drugs	0	Наркотики опасны для нашего общества и могут разрушить семьи и отношения. Для нашей безопасности следует запретить их продажу для рекреационного использования и проводить программы по просвещению людей об опасностях, которые они представляют.
drugs	1	Запреты на многие наркотики, например, марихуану, были разработаны для непропорционального воздействия на бедные слои населения и меньшинства. Мы должны отменить большинство приговоров, связанных с наркотиками, и ввести программы, помогающие наркоманам вернуть свою жизнь в нормальное русло.
drugs	2	То, что вы делаете со своим организмом, — ваше личное дело. Мы должны легализовать наркотики, чтобы они не попадали на чёрный рынок.
drugs	3	Мы должны просвещать наших детей об опасности наркотиков и запретить самые вредные из них, но такие, как марихуана, должны быть разрешены для рекреационного использования.
drugs	4	Мы можем использовать наркотики, чтобы убедиться, что люди не способны создавать проблемы. Мы можем запретить их и предоставлять только тогда, когда люди действуют в соответствии с требованиями государства.
baker		Религиозный пекарь отказывается печь торт для гей-пары
baker	0	Если они не просят его нарисовать графическое изображение, изображающее гомосексуализм, у него не должно быть проблем с этим. Если это просто написание их имён и что-то вроде флага гордости, то отказ — это дискриминация.
baker	1	Это неприемлемая дискриминация и гомофобия. Этот человек не должен заниматься бизнесом.
baker	2	Эта пара должна быть арестована. Они должны быть в браке с кем-то, с кем они могут произвести на свет детей.
baker	3	Пекаря просят сделать что-то против его религии. Он не должен быть обязан печь что-то в честь этого.
baker	4	Люди никогда не должны быть обязаны что-либо делать. Пекарь должен иметь возможность отказать в своих услугах любому по любой причине, они могут получить торт в другом месте.
abortion		Аборт
abortion	0	Право на жизнь является фундаментальным правом, и аборты должны быть запрещены почти во всех случаях.
abortion	1	Запреты на аборты в первую очередь вредят бедным и часто оставляют матерей-одиночек в нищете с ребенком. Аборт должен быть легальным для всех.
abortion	2	Вы должны иметь полный контроль над своим телом, в том числе возможность сделать аборт без каких-либо ограничений.
abortion	3	Аборт должен быть легальным, но редким. Люди должны быть осведомлены об альтернативных методах контрацепции, и должны быть введены ограничения на аборты на поздних сроках без причины.
abortion	4	Если государство разрешает вам иметь ребенка, вы должны его иметь, если только жизнь матери не находится под угрозой. Однако для людей, не получивших разрешения на рождение ребенка, аборты должны быть обязательными, и к ним должны применяться строгие меры наказания.
climate		Изменение климата
climate	0	Мы должны действовать, чтобы предотвратить изменение климата, и каждый должен внести свой вклад. Мы должны стимулировать отдельных людей к переходу на «зелёный» образ жизни, а также регулировать деятельность компаний, чтобы они соответствовали экологическим стандартам.
climate	1	Корпорации и богатые люди вносят наибольший вклад в изменение климата. Мы должны направить на них большую часть наших нормативных актов, чтобы люди не тратили энергию на питание огромных особняков, которые им не нужны.
climate	2	Глобального потепления на самом деле не существует. Безумие требовать от всех перестраивать здания и автомобили для борьбы с ним.
climate	3	Люди не должны быть обязаны делать что-либо для борьбы с изменением климата. Люди могут добровольно сокращать выбросы, если хотят.
climate	4	От населения следует ожидать минимизации собственных отходов, чтобы как можно больше ресурсов оставалось для использования государством для поддержания своих интересов.
reproductive		Репродуктивные стимулы
reproductive	0	Мы должны держать население под контролем, но стимулы не остановят богатых, поэтому мы должны ввести жёсткое ограничение на количество детей, которое может иметь человек.
reproductive	1	Люди должны иметь столько детей, сколько хотят. Это не дело государства.
reproductive	2	Мы должны поощрять наших коренных жителей иметь больше детей, предлагая налоговые льготы, чтобы они могли поддерживать нашу экономику по мере старения населения и обеспечивать передачу нашей культуры по наследству.
reproductive	3	У Земли есть предел численности населения, которое она может поддерживать, и хотя мы не должны вводить жёсткий контроль, мы должны стимулировать людей ограничивать число детей, которых они имеют.
reproductive	4	Те, у кого есть гены, нужные государству, должны иметь детей и рожать их часто, а тем, у кого гены плохие, вообще не следует разрешать иметь детей.
reproductive	5	Стимулы, ограничивающие численность населения, навредят только бедным, поскольку богатые не будут заботиться о стимулах. Мы должны оказывать финансовую поддержку бедным, чтобы наша молодёжь могла удовлетворить свои потребности в детстве, но не настолько, чтобы считать это стимулом.
ai		Искусственный интеллект (ИИ)
ai	0	Искусственному интеллекту нельзя доверять, поскольку он представляет потенциальную угрозу для людей. Мы не должны позволить ему вытеснить живых людей с их рабочих мест.
ai	1	Люди и компании должны иметь возможность свободно использовать ИИ.
ai	2	Мы должны полностью принять ИИ. Скоро он сможет и должен быть способен принимать решения гораздо объективнее, быстрее и эффективнее, чем человек.
ai	3	Искусственный интеллект в значительной степени отнимает рабочие места у работников с низким уровнем дохода и может нанести ущерб их средствам к существованию. Более того, обучая ИИ на необъективных данных, можно скрывать таким образом дискриминацию. Мы должны ограничить его использование.
ai	4	Мы должны принять искусственный интеллект, но должны быть уверены, что для работников, которых он вытеснит, есть адекватные альтернативы, и что любой ущерб, который он может нанести, будет ограничен.
prostitution		Проституция
prostitution	0	Люди должны быть свободны делать со своим телом всё, что они хотят. Если они хотят продавать себя за секс, это их собственный выбор.
prostitution	1	Секс должен быть предназначен только для брака или, по крайней мере, для долгосрочных отношений. Проституция и другие виды секс-работы аморальны.
prostitution	2	Не следует разрешать несанкционированный секс, так как это может привести к появлению детей с далеко неидеальными характеристиками.
prostitution	3	Мы должны регулировать проституцию и другие виды секс-работы, потому что альтернативой этому является чёрный рынок, что гораздо хуже.
prostitution	4	Проституция использует бедных в своих интересах, заставляя их продавать себя богатым людям только для того, чтобы иметь возможность оплачивать счета. Покупка секса должна быть незаконной.
praysch		Молитвы в школе
praysch	0	В большинстве школ должна быть организована ежедневная молитва.
praysch	1	Я не против введения в школах минуты молчания, во время которой ученики могут молиться по своему выбору, но не буду никому навязывать это.
praysch	2	Молитве не нужно отводить отдельное время в школах.
praysch	3	Церковные школы могут существовать и проводить молитвы, если захотят, но государственные школы не должны этого делать.
creationism		Креационизм в школе
creationism	0	Вселенная была создана высшей силой. Мы должны преподавать это в наших школах, а эволюция должна упоминаться только при демонстрации её ошибочности.
creationism	1	Церковные школы могут преподавать креационизм, если захотят, но государственные школы не должны.
creationism	2	Все школы должны преподавать исключительно научные теории, такие как эволюция. Религиозным представлениям не место в образовательных учреждениях.
creationism	3	Государство не должно принимать чью-либо сторону. Государственные школы должны быть обязаны преподавать и креационизм, и эволюцию, а ученики могут сами решать, во что им верить.
church		Религиозные сооружения
church	0	Правительство должно поощрять строительство новых храмов и церквей по всей стране. Религиозные сооружения важны для нашей нации, и они должны получать государственное финансирование, чтобы они могли оставаться открытыми.
church	1	Храмы и церкви могут быть полезны для людей, но желательно, чтобы в стране было достаточно религиозных сооружений всех основных религий, а не только какой-то одной.
church	2	В нашей стране уже достаточно храмов и церквей, их число должно оставаться таким, каким оно есть сейчас. Государство и церковь не должны вмешиваться в дела друг друга.
church	3	Цервкей и храмов чересчур много, необходимо сократить их количество, и построить вместо них то, что действительно нужно людям: школы, больницы, предприятия.
memorial		Религиозные высказывания на национальных мемориалах
memorial	0	Религия — важная часть нашей нации, и большинство наших солдат хотели бы видеть религиозные послания на своих мемориалах.
memorial	1	Я против религиозных высказываний и упоминания божества, которого, вероятно, не существует, на мемориалах нашим погибшим героям.
memorial	2	Наши национальные мемориалы не должны упоминать Бога или религию, они должны служить только для того, чтобы почтить память павших.
memorial	3	Нет ничего плохого в упоминании Бога на наших мемориалах, если это не является активной пропагандой какой-либо конкретной религии.
holidays		Религиозные праздники
holidays	0	Религиозные праздники самой популярной религии в стране должны быть также национальными праздниками, чтобы все могли отдыхать в связи с ними.
holidays	1	Государство не должно делать религиозные праздники национальными праздниками.
holidays	2	Религиозные праздники должны иметь меньше влияния, чем они имеют сегодня, и уж точно не должны быть национальными праздниками. Вместо них лучше устраивать больше праздников вокруг значимых для нашей страны исторических дат, или делать акцент на отдыхе, а не на соблюдении религиозных обрядов.
holidays	3	Правительство должно гарантировать наиболее святые праздники всех основных религий в стране, чтобы представители всех религий могли выполнять свои религиозные обязанности.
immigration		Иммиграция
immigration	0	Иммигранты, попавшиеся на нарушении законов, должны быть депортированы, но на тех, кто незаконно въезжает в страну, следует обращать внимание и разрешать им оставаться, поскольку они работают за меньшую зарплату и в худших условиях, чем наши граждане, и позволяют нам снизить стоимость жизни для наших граждан.
immigration	1	Мы должны иметь возможность проверять иммигрантов, прибывающих в нашу страну, и в конечном итоге решать, кто въезжает в страну. Те, кто въезжает незаконно, должны быть найдены и депортированы.
immigration	2	Мы можем принимать иммигрантов, но от них следует ожидать изучения нашего языка и культуры, а также приложить все усилия для интеграции в наш народ и образ жизни.
immigration	3	Мы должны принимать и поощрять переезд к нам талантливых, образованных иммигрантов. Мы можем предоставить им лучшее, что есть в нашей стране, а они смогут улучшить нашу страну своими талантами.
immigration	4	Я поддерживаю идею открытия наших границ для всех, кто хочет иммигрировать. Свобода передвижения — это важнейшее право человека.
immigration	5	Мы должны закрыть наши границы и полностью прекратить иммиграцию. Наша нация предназначена только для нашего народа.
immigration	6	Мы должны убедиться, что в иммигрантах, которых мы впускаем, есть потребность. Те, кто берётся за низкооплачиваемую работу, которую может выполнять любой, отнимают работу у наших граждан. Однако я бы поддержал иммигрантов, обладающих профессиональными навыками там, где у нас их не хватает.
immigration	7	Мы должны облегчить и ускорить процесс легальной иммиграции в нашу страну. Иммигранты улучшают нашу нацию, и мы можем обеспечить многим из них гораздо лучшее качество жизни.
parliament		Региональный союз + Парламент
parliament	0	Этот союз включает в себя множество наций с разными языками, самобытностью и культурой, и они способны сохранять эту культурную самобытность. Поэтому я не вижу никаких проблем с нашим членством.
parliament	1	Я поддерживаю этот региональный союз. Мы должны использовать этот общий парламент для продвижения законодательства, которое принесет пользу народам всех наших стран.
parliament	2	Этот союз позволяет нам лучше защищать наших людей посредством международных стандартов безопасности продукции и может облегчить нам международные торговые сделки, повысить качество жизни.
parliament	3	Я против того, чтобы быть частью любого подобного союза. Меня не интересует, каковы законы других стран, но я категорически против того, чтобы давать им право голоса в наших законах.
parliament	4	Наши законы должны решать наши собственные люди, а не те, кто находится за границей. Я против участия в этом союзе.
parliament	5	Участие в этом региональном союзе дает нам гораздо большее влияние в международных делах, значительные экономические преимущества и позволяет нам иметь больше дипломатических возможностей. Поэтому я поддерживаю членство в этом союзе.
parliament	6	Свобода нашего народа — мой главный приоритет, а правила этого союза могут ограничить свободу в нашей стране. Я против участия в этом союзе.
intcurrency		Международная валюта
intcurrency	0	Наша историческая валюта — это часть нашей национальной идентичности. Мы не можем отказаться от неё ради небольшого облегчения операций с иностранцами.
intcurrency	1	Совместное использование валюты с соседними странами повышает стабильность нашей валюты и придает ей больший вес на международном уровне, поэтому я поддерживаю эту идею.
intcurrency	2	Я поддерживаю совместное использование валюты с нашими соседями, так как это упростит жизнь всем в зоне совместного использования валюты и облегчит международную торговлю.
intcurrency	3	Я против совместного использования валюты с другими странами. Мы должны иметь возможность принимать решения о своей валюте самостоятельно, и иностранцы не должны иметь на это права.
intcurrency	4	Я поддерживаю использование общей валюты с соседними странами. Это позволит нашим и их жителям легко путешествовать друг к другу и упростит транзакции в зоне действия общей валюты.
intcurrency	5	Возможность печатать собственную валюту, когда нам нужно стимулировать экономику, ценна для нашей страны и стоит больше, чем преимущества общей валюты.
intcurrency	6	Государство не должно регулировать валюту, люди должны быть свободны в выборе того, что они принимают в качестве оплаты, например, криптовалюту, материальные товары или валюту другой страны, если они считают, что она имеет ценность.
refugees		Беженцы
refugees	0	Мы должны принимать беженцев только в том случае, если они могут что-то предложить нашей стране, будь то таланты специалистов или сведения о стране, из которой они бегут.
refugees	1	Наш долг — помогать нуждающимся людям. Мы должны принять столько беженцев, сколько мы в состоянии комфортно содержать.
refugees	2	Если они смогут добраться до нашей страны, мы не должны отказывать им во въезде, они должны иметь право быть частью нашего народа.
refugees	3	Эти люди могут представлять угрозу для наших граждан. Мы должны принимать очень мало беженцев, только после тщательной проверки биографии, на строгих условиях.
refugees	4	Беженцы — не наша проблема. Им не следует разрешать въезд в страну.
refugees	5	У нас должна быть система, при которой беженцы проходят проверку, но после того, как они её проходят, мы должны впускать их в страну при соблюдении условий для интеграции в наше общество.
minoritylang		Группа меньшинств делает язык официальным там, где на нём много говорят
minoritylang	0	Люди, которые не говорят на нашем языке, должны быть депортированы. Нет причин для другого языка.
minoritylang	1	Мы должны добавить его в качестве дополнительного языка в этом населённом пункте, так как это может значительно облегчить жизнь этих людей.
minoritylang	2	Для нашей нации важно иметь единый государственный официальный язык. Следует ожидать, что эти люди будут изучать и понимать государственный язык.
minoritylang	3	Это создаст чрезмерное бремя для нашей промышленности, связанное с маркировкой всего для всех языков для всех населённых пунктов. У нас должен быть один государственный язык.
military		Когда следует использовать военные действия
military	0	Мы должны использовать наши вооружённые силы в качестве сдерживающего фактора, чтобы гарантировать, что на нас не нападут, поскольку каждый раз, когда мы вступаем в войну, мы подвергаем риску жизни наших граждан.
military	1	Состояние других стран не должно нас волновать, поэтому любые вооружённые силы должны использоваться только для самообороны.
military	2	Мы должны использовать наши вооружённые силы для обеспечения благополучия и свободы людей во всем мире, например, для участия в международных миротворческих миссиях и для замены правительств, не соблюдающих права человека.
military	3	Мы должны использовать наши вооружённые силы для нападения и аннексии территорий, которые должны принадлежать нам.
military	4	Наши вооружённые силы должны защищать наши интересы за рубежом, чтобы обеспечить наше влияние, например, путём свержения враждебных правительств.
military	5	У нас не должно быть армии.
military	6	Мы должны использовать наши вооружённые силы в первую очередь для обеспечения сохранения статуса и независимости нашей страны, например, для защиты союзников и обеспечения того, чтобы другие страны не пытались захватить нашу землю или воду.
borderchecks		Упразднение пограничного контроля (Шенгенское соглашение)
borderchecks	0	Я против этого, так как мы не должны допускать людей из других стран в нашу страну вообще.
borderchecks	1	Важно, чтобы мы могли проверять, кто въезжает в нашу страну. С упразднением пограничного контроля мы не сможем этого делать, что неприемлемо.
borderchecks	2	Это соглашение является выигрышем для всех и может сделать возможным более тесные союзы между нашими народами.
borderchecks	3	Я поддерживаю это соглашение. Пока люди уважают наши законы и ценности, это может облегчить посещение нашей страны туристами и повысить наше национальное богатство.
borderchecks	4	Я поддерживаю это соглашение не только с нашими союзниками, но и со всеми странами. Люди должны свободно въезжать в любую страну.
borderchecks	5	Благодаря этому соглашению наши люди смогут легко отдыхать у наших союзников, если захотят, с незначительным дополнительным риском, поэтому я поддерживаю это.
borderchecks	6	Мы не должны позволять людям покидать страну, и поэтому я против этого соглашения.
foreignaid		Иностранная помощь
foreignaid	0	Мы должны расширять свое влияние за рубежом, и иностранная помощь — это хороший способ завоевать расположение и популярность за рубежом.
foreignaid	1	Иностранная помощь может значительно улучшить качество жизни развивающихся стран за относительно небольшие деньги для нас, поэтому мы должны её предоставлять.
foreignaid	2	Мы должны направлять иностранную помощь в страны с низкими стандартами. Улучшение жизни там уменьшает количество беженцев по всему миру и защищает нашу нацию от них.
foreignaid	3	Мы не должны тратить деньги наших налогоплательщиков, заработанные тяжёлым трудом, на другие страны.
foreignaid	4	Дела других стран не имеют для нас значения, поэтому нет причин отправлять иностранную помощь.
foreignaid	5	Любое правительство должно быть минимальным, если оно вообще существует, и поэтому не должно иметь средств, чтобы платить деньги за границу.
unres		Резолюции Организации Объединённых Наций (Главные 6 органов)
unres	0	Мы не должны быть частью ООН.
unres	1	Я поддерживаю идею создания ООН или аналогичной новой организации, которая заменит правительства, подобные нашему, чтобы объединить мир в единую страну.
unres	2	Наша страна должна заботиться о своём народе, а не о народе всего мира, поэтому мы не должны следовать указаниям ООН, если они не совпадают с нашими собственными интересами.
unres	3	Мы должны следовать резолюциям ООН и оказывать международное давление на страны, которые этого не делают, чтобы сделать мир лучше для всех.
unres	4	Законы нашей страны не должны определяться другими странами, мы можем рассматривать резолюции ООН, но должны принимать их как законы в нашей стране, только если они соответствуют нашим интересам.
unres	5	Мы должны пытаться использовать ООН в своих интересах, поддерживать предложения, которые выгодны нам, и поощрять других следовать им, однако мы должны следовать только тем предложениям, которые выгодны нам.
unres	6	Мы не должны менять свой образ жизни, потому что так говорят другие страны.
espionage		Самые важные задачи шпионского агентства
espionage	0	Мы должны использовать наше  иностранное шпионское агенство, чтобы попытаться внедриться к нашим врагам за рубежом и свергнуть лидеров, которые выступают против нас, когда это возможно.
espionage	1	Наиболее важной задачей является выявление и отслеживание худших видов преступников, проживающих в нашей стране.
espionage	2	Мы должны использовать наши шпионские агентства в первую очередь для выявления террористических угроз, которые могут представлять опасность для наших граждан.
espionage	3	Наиболее важной задачей для нашего внутреннего шпионского агентства является отслеживание людей, которые незаконно въехали в страну, чтобы мы могли их депортировать.
espionage	4	Самая важная задача нашего иностранного шпионского агенства — раскрывать и разоблачать злодеяния по всему миру.
espionage	5	Мы даже не должны иметь иностранного шпионского агенства. Наше внутреннее агентство должно быть сосредоточено на раскрытии и отслеживании преступников и людей, незаконно проникших в страну.
espionage	6	У нас не должно быть никакого шпионского агентства.
whistle		Разоблачители секретной информации (информаторы)
whistle	0	Разоблачители должны сообщать по надлежащим каналам об этических проблемах. Если будет установлено, что кто-то допустил утечку секретной информации, он должен быть наказан.
whistle	1	Не должно быть никакой секретной информации, и поэтому нет никаких проблем с разоблачителями.
whistle	2	Разоблачители, которые раскрывают информацию, которую народ имеет право знать, например, о незаконной деятельности правительства, должны быть защищены и считаться героями.
whistle	3	Любой, кто разглашает государственные секреты, должен быть наказан. Люди, которым государство доверяет свои секреты, не должны иметь право определять, право государство или нет.
police		Смерть по вине полиции
police	0	Когда происходит смерть полицейского, должно быть проведено расследование. Офицер должен быть наказан, если он не следовал политике, но если он следовал плохой политике, политика должна быть изменена, офицер не должен быть наказан.
police	1	Полиции не должно быть, люди должны вершить правосудие своими силами.
police	2	Полицейские работают на опасной, очень стрессовой работе и, как правило, должны иметь защиту, когда они предпринимают действия при восприятии угрозы, которые оказываются ошибочными.
police	3	Большинство полицейских не должны быть вооружены смертоносным оружием, должны быть представителями тех сообществ, которым они служат, и должны быть обучены методам деэскалации, и им должны быть предъявлены обвинения, если они убивают члена сообщества, которое они должны защищать.
police	4	Полиция должна иметь законное право убивать, если кто-то оказывает видимое сопротивление полиции.
survey		Наблюдение
survey	0	Люди должны иметь разумные основания ожидать конфиденциальности своих данных, но правительству должно быть разрешено получать доступ к частным сообщениям определенных людей, если у него есть достаточные основания для получения ордера.
survey	1	Компаниям должно быть разрешено отслеживать ваши сообщения и следить за тем, чтобы вы соблюдали все их условия, но государству, если оно вообще существует, не должно быть разрешено это делать.
survey	2	Правительство должно иметь возможность доступа к коммуникациям любого человека. Это должно использоваться для того, чтобы отбить у людей желание заниматься незаконной деятельностью в интернете.
survey	3	Люди должны иметь право на конфиденциальность своих сообщений. Правительство не должно иметь возможности получать электронные данные.
survey	4	Правительству не следует разрешать просматривать большинство сообщений, но программное обеспечение должно автоматически отмечать потенциально незаконную деятельность для проверки и возможного сообщения властям.
guns		Владение оружием
guns	0	Те, кто может доказать необходимость владения оружием, должны иметь возможность приобрести его, однако те, кто не имеет такой необходимости, не должны иметь этой возможности.
guns	1	Владение оружием должно поощряться, если не требоваться, для сдерживания преступников, которым придётся подвергать свою жизнь риску при совершении преступления.
guns	2	Любой человек должен иметь возможность владеть оружием и быть в состоянии использовать его, когда он чувствует угрозу.
guns	3	Многие случаи смерти от огнестрельного оружия происходят из-за отсутствия надлежащей подготовки. Необходимо ввести ограничения на приобретение оружия, включая требования к обучению и проверку биографических данных, чтобы гарантировать ответственность владельцев оружия.
guns	4	Гражданским лицам не должно быть разрешено владеть оружием, это подвергает опасности сотрудников правоохранительных органов и затрудняет пресечение преступлений.
guns	5	Легализация оружия не решит проблему преступности — это пойдёт на руку в первую очередь бандитским группировкам и мародёрам, которые станут ещё опаснее.  
deathpenalty		Смертная казнь
deathpenalty	0	Если люди признаны виновными без тени сомнения в совершении особо чудовищного преступления, им должна быть вынесена смертная казнь.
deathpenalty	1	Тюрем не должно быть, поэтому, если кто-то совершил преступление, при котором небезопасно выпускать его на свободу, он должен быть казнён.
deathpenalty	2	Смертная казнь должна быть одним из вариантов, так как она снижает уровень преступности, служа сдерживающим фактором.
deathpenalty	3	Мы всегда должны пытаться реабилитировать преступников, которые должны иметь право жить и меняться, поэтому смертная казнь должна быть запрещена.
deathpenalty	4	Те, кто бросает вызов государству, должны быть казнены, чтобы убедиться, что те, кто остаётся, подчиняются.
deathpenalty	5	Смертная казнь — это лёгкий выход для особо отвратительных преступников, поэтому её следует запретить.
A		Выберите вариант, который вам ближе всего
BL		Нажмите ?, если предпочтение незначительное
BR		Нажмите ✓, если это определённо ваше предпочтение
all		Все
home		Главная страница
values		Возможные значения
